Gare Viotte,47.246419,6.022567,30
Remparts,47.243497,6.021877,10
Battant,47.239978,6.019691,15
Flore,47.245763,6.028137,11
Isenbart,47.242745,6.025208,10
Parc Micaud,47.242575,6.029757,15
Gare Mouillère,47.240147,6.033776,18
Marulaz,47.239611,6.017099,10
La City,47.235434,6.015261,20
Place du 8 Septembre,47.237686,6.024183,15
Jean Cornet,47.236363,6.028817,10
Granvelle,47.235437,6.025724,15
Victor Hugo,47.234749,6.029566,14
Jacobins,47.234525,6.033161,10
Lecourbe,47.231188,6.026907,10
Fontaine Argent,47.244981,6.032556,11
Chamars,47.232903,6.020116,14
Chamars Esplanade,47.23526,6.021363,20
Révolution,47.239533,6.023395,15
Tristan Bernard,47.247808,6.03642,12
Liberté,47.24746,6.028587,12
Rivotte,47.23219,6.035007,12
République,47.240099,6.02735,10
Granges,47.238129,6.026293,12
Borne de Test,47.079814,5.737923,3
Bersot,47.23886,6.029562,10
Mairie,47.236806,6.022309,15
Leclerc,47.242267,6.014448,10
Marie Louise,47.248886,6.030818,12
Gibelotte,47.242184,6.009141,12
Léo Lagrange,47.24414,6.004416,20
Iut,47.247369,5.992249,20
      ,47.248488,5.986929,42